{
  "angle_resolution": 0.050507862120866776,
  "angle_range": [
    2.7627837657928467,
    3.5204017162323
  ],
  "radial_resolution": 0.25,
  "radial_mode": "linear",
  "radial_growth_rate": 0.1,
  "radial_max": 25.0,
  "radial_min": 4.0,
  "angle_edges": [
    2.7627837657928467,
    2.813291549682617,
    2.863799571990967,
    2.9143073558807373,
    2.964815139770508,
    3.0153231620788574,
    3.065830945968628,
    3.1163387298583984,
    3.166846752166748,
    3.2173545360565186,
    3.267862319946289,
    3.3183703422546387,
    3.368878126144409,
    3.4193859100341797,
    3.4698939323425293,
    3.5204017162323
  ],
  "radial_edges": [
    4.0,
    4.25,
    4.525000095367432,
    4.824999809265137,
    5.150000095367432,
    5.5,
    5.875,
    6.275000095367432,
    6.699999809265137,
    7.150000095367432,
    7.625,
    8.125,
    8.649999618530273,
    9.199999809265137,
    9.774999618530273,
    10.375,
    11.0,
    11.649999618530273,
    12.324999809265137,
    13.024999618530273,
    13.75,
    14.5,
    15.274999618530273,
    16.075000762939453,
    16.899999618530273,
    17.75,
    18.625,
    19.524999618530273,
    20.450000762939453,
    21.399999618530273,
    22.375,
    23.375,
    24.399999618530273,
    25.0
  ]
}